{
  "class_names": [
    "Cracking",
    "Layer_shifting",
    "Off_platform",
    "Stringing",
    "Warping"
  ],
  "train_images": 1338,
  "validation_images": 287,
  "test_images": 287,
  "test_loss": 0.1042112410068512,
  "test_accuracy": 0.9756097793579102,
  "image_size": [
    224,
    224
  ],
  "batch_size": 32,
  "architecture": "efficientnet_b0",
  "class_weight": {
    "0": 0.8109090909090909,
    "1": 1.0494117647058823,
    "2": 4.18125,
    "3": 0.8549520766773163,
    "4": 0.7117021276595744
  }
}