{
  "class_names": [
    "Cracking",
    "Layer_shifting",
    "No_defect",
    "Off_platform",
    "Spaghetti",
    "Stringing",
    "Under_extrusion",
    "Warping"
  ],
  "train_images": 3083,
  "validation_images": 661,
  "test_images": 661,
  "test_loss": 0.1058247834444046,
  "test_accuracy": 0.9652042388916016,
  "image_size": [
    224,
    224
  ],
  "batch_size": 32,
  "architecture": "efficientnet_b0",
  "class_weight": {
    "0": 1.1678030303030302,
    "1": 1.5112745098039215,
    "2": 0.6117063492063493,
    "3": 6.021484375,
    "4": 2.2938988095238093,
    "5": 0.6117063492063493,
    "6": 0.6117063492063493,
    "7": 1.024933510638298
  }
}